BEGIN;

-- Demo password for all seeded users:
-- storageAdmin123

TRUNCATE TABLE
    storage.reviews,
    storage.bookings,
    storage.menu_items,
    storage.menu_categories,
    storage.restaurant_photos,
    storage.restaurant_tables,
    storage.restaurant_working_hours,
    storage.restaurant_cuisines,
    storage.cuisines,
    storage.restaurants,
    storage.users
RESTART IDENTITY CASCADE;

INSERT INTO storage.users (
    id,
    email,
    password_hash,
    first_name,
    last_name,
    phone,
    role,
    is_active,
    created_at,
    updated_at
) VALUES
    (1, 'admin@restaurant-booking.local', '$2a$10$jWvF9dNaoEQwtsEKpW7SqemRrBRI30iJCZyAZGsAapu/OK/iozF46', 'System', 'Administrator', '+79990000001', 'ADMIN', true, '2026-04-01 09:00:00', '2026-04-01 09:00:00'),
    (2, 'emily.carter@example.com', '$2a$10$jWvF9dNaoEQwtsEKpW7SqemRrBRI30iJCZyAZGsAapu/OK/iozF46', 'Emily', 'Carter', '+79990000002', 'CUSTOMER', true, '2026-04-01 09:15:00', '2026-04-01 09:15:00'),
    (3, 'daniel.kim@example.com', '$2a$10$jWvF9dNaoEQwtsEKpW7SqemRrBRI30iJCZyAZGsAapu/OK/iozF46', 'Daniel', 'Kim', '+79990000003', 'CUSTOMER', true, '2026-04-01 09:30:00', '2026-04-01 09:30:00'),
    (4, 'sofia.petrova@example.com', '$2a$10$jWvF9dNaoEQwtsEKpW7SqemRrBRI30iJCZyAZGsAapu/OK/iozF46', 'Sofia', 'Petrova', '+79990000004', 'CUSTOMER', true, '2026-04-01 09:45:00', '2026-04-01 09:45:00'),
    (5, 'michael.brown@example.com', '$2a$10$jWvF9dNaoEQwtsEKpW7SqemRrBRI30iJCZyAZGsAapu/OK/iozF46', 'Michael', 'Brown', '+79990000005', 'CUSTOMER', true, '2026-04-01 10:00:00', '2026-04-01 10:00:00'),
    (6, 'anna.volkova@example.com', '$2a$10$jWvF9dNaoEQwtsEKpW7SqemRrBRI30iJCZyAZGsAapu/OK/iozF46', 'Anna', 'Volkova', '+79990000006', 'CUSTOMER', true, '2026-04-01 10:15:00', '2026-04-01 10:15:00'),
    (7, 'liam.chen@example.com', '$2a$10$jWvF9dNaoEQwtsEKpW7SqemRrBRI30iJCZyAZGsAapu/OK/iozF46', 'Liam', 'Chen', '+79990000007', 'CUSTOMER', true, '2026-04-01 10:30:00', '2026-04-01 10:30:00'),
    (8, 'eva.smirnova@example.com', '$2a$10$jWvF9dNaoEQwtsEKpW7SqemRrBRI30iJCZyAZGsAapu/OK/iozF46', 'Eva', 'Smirnova', '+79990000008', 'CUSTOMER', true, '2026-04-01 10:45:00', '2026-04-01 10:45:00'),
    (9, 'noah.davis@example.com', '$2a$10$jWvF9dNaoEQwtsEKpW7SqemRrBRI30iJCZyAZGsAapu/OK/iozF46', 'Noah', 'Davis', '+79990000009', 'CUSTOMER', true, '2026-04-01 11:00:00', '2026-04-01 11:00:00');

INSERT INTO storage.cuisines (id, name) VALUES
    (1, 'Italian'),
    (2, 'Japanese'),
    (3, 'Georgian'),
    (4, 'French'),
    (5, 'Mexican'),
    (6, 'American'),
    (7, 'Seafood'),
    (8, 'Vegetarian'),
    (9, 'Middle Eastern'),
    (10, 'Pan-Asian');

INSERT INTO storage.restaurants (
    id,
    name,
    description,
    phone,
    email,
    country,
    city,
    street,
    building,
    postal_code,
    price_segment,
    booking_policy,
    is_active,
    created_at,
    updated_at
) VALUES
    (1, 'North Pier Bistro', 'Elegant waterfront restaurant focused on refined seafood plates, seasonal produce, and a compact French-inspired wine list.', '+78120000011', 'hello@northpierbistro.com', 'Russia', 'Saint Petersburg', 'Admiralty Embankment', '14A', '190000', 'PREMIUM', 'Tables are held for 15 minutes. Smart casual dress code after 18:00.', true, '2026-03-10 12:00:00', '2026-04-10 12:00:00'),
    (2, 'Trattoria Vento', 'Warm neighborhood Italian restaurant with handmade pasta, wood-fired pizza, and classic desserts.', '+78120000012', 'ciao@trattoriavento.com', 'Russia', 'Saint Petersburg', 'Nevsky Prospect', '88', '191025', 'AVERAGE', 'Large groups should leave a note in special requests.', true, '2026-03-11 12:00:00', '2026-04-10 12:00:00'),
    (3, 'Sakura Corner', 'Contemporary Japanese dining with sushi rolls, robata dishes, and a calm minimalist interior.', '+78120000013', 'team@sakuracorner.com', 'Russia', 'Saint Petersburg', 'Liteyny Avenue', '41', '191014', 'AVERAGE', 'Guests may pre-order celebration desserts in advance.', true, '2026-03-12 12:00:00', '2026-04-10 12:00:00'),
    (4, 'Old Town Khinkali', 'Casual Georgian comfort spot with generous portions, charcoal grill, and house-made lemonades.', '+74950000014', 'info@oldtownkhinkali.com', 'Russia', 'Moscow', 'Pokrovka Street', '27', '101000', 'BUDGET', 'Window tables cannot be guaranteed during peak hours.', true, '2026-03-13 12:00:00', '2026-04-10 12:00:00'),
    (5, 'Ember & Smoke', 'Modern grill house with live-fire cooking, premium steaks, signature cocktails, and a dark wood interior.', '+74950000015', 'bookings@emberandsmoke.com', 'Russia', 'Moscow', 'Lesnaya Street', '7', '125047', 'PREMIUM', 'For parties of six and above, a deposit may be requested by phone.', true, '2026-03-14 12:00:00', '2026-04-10 12:00:00'),
    (6, 'Verde Market Kitchen', 'Bright all-day restaurant serving colorful vegetarian bowls, seasonal vegetables, and fresh bakery items.', '+78430000016', 'hello@verdemarketkitchen.com', 'Russia', 'Kazan', 'Bauman Street', '19', '420111', 'AVERAGE', 'Kitchen closes 30 minutes before closing time.', true, '2026-03-15 12:00:00', '2026-04-10 12:00:00'),
    (7, 'Harbor Taco Lab', 'Lively taco bar with grilled meats, bold salsas, shareable snacks, and upbeat late-evening service.', '+78120000017', 'hola@harbortacolab.com', 'Russia', 'Saint Petersburg', 'Galernaya Street', '6', '190121', 'BUDGET', 'High tables are assigned first for walk-ins, reservations prioritize standard seating.', true, '2026-03-16 12:00:00', '2026-04-10 12:00:00');

INSERT INTO storage.restaurant_cuisines (restaurant_id, cuisine_id) VALUES
    (1, 4),
    (1, 7),
    (2, 1),
    (3, 2),
    (3, 10),
    (4, 3),
    (5, 6),
    (6, 8),
    (6, 9),
    (7, 5),
    (7, 6);

INSERT INTO storage.restaurant_working_hours (
    id,
    restaurant_id,
    week_day,
    opens_at,
    closes_at,
    is_closed
) VALUES
    (1, 1, 1, '12:00', '22:30', false),
    (2, 1, 2, '12:00', '22:30', false),
    (3, 1, 3, '12:00', '22:30', false),
    (4, 1, 4, '12:00', '22:30', false),
    (5, 1, 5, '12:00', '23:30', false),
    (6, 1, 6, '12:00', '23:30', false),
    (7, 1, 7, '12:00', '21:30', false),
    (8, 2, 1, '11:00', '22:00', false),
    (9, 2, 2, '11:00', '22:00', false),
    (10, 2, 3, '11:00', '22:00', false),
    (11, 2, 4, '11:00', '22:00', false),
    (12, 2, 5, '11:00', '22:30', false),
    (13, 2, 6, '11:00', '22:30', false),
    (14, 2, 7, '11:00', '21:30', false),
    (15, 3, 1, '12:00', '22:00', false),
    (16, 3, 2, '12:00', '22:00', false),
    (17, 3, 3, '12:00', '22:00', false),
    (18, 3, 4, '12:00', '22:00', false),
    (19, 3, 5, '12:00', '23:00', false),
    (20, 3, 6, '12:00', '23:00', false),
    (21, 3, 7, '12:00', '22:00', false),
    (22, 4, 1, '11:00', '22:30', false),
    (23, 4, 2, '11:00', '22:30', false),
    (24, 4, 3, '11:00', '22:30', false),
    (25, 4, 4, '11:00', '22:30', false),
    (26, 4, 5, '11:00', '23:00', false),
    (27, 4, 6, '11:00', '23:00', false),
    (28, 4, 7, '11:00', '22:30', false),
    (29, 5, 1, NULL, NULL, true),
    (30, 5, 2, '13:00', '23:00', false),
    (31, 5, 3, '13:00', '23:00', false),
    (32, 5, 4, '13:00', '23:00', false),
    (33, 5, 5, '13:00', '23:30', false),
    (34, 5, 6, '13:00', '23:30', false),
    (35, 5, 7, '13:00', '22:30', false),
    (36, 6, 1, '10:00', '21:00', false),
    (37, 6, 2, '10:00', '21:00', false),
    (38, 6, 3, '10:00', '21:00', false),
    (39, 6, 4, '10:00', '21:00', false),
    (40, 6, 5, '10:00', '21:30', false),
    (41, 6, 6, '10:00', '21:30', false),
    (42, 6, 7, '10:00', '20:00', false),
    (43, 7, 1, '12:00', '22:30', false),
    (44, 7, 2, '12:00', '22:30', false),
    (45, 7, 3, '12:00', '22:30', false),
    (46, 7, 4, '12:00', '22:30', false),
    (47, 7, 5, '12:00', '23:30', false),
    (48, 7, 6, '12:00', '23:30', false),
    (49, 7, 7, '12:00', '22:30', false);

INSERT INTO storage.restaurant_tables (
    id,
    restaurant_id,
    table_number,
    seats_count,
    zone_name,
    is_active,
    created_at
) VALUES
    (1, 1, 'P1', 2, 'Window', true, '2026-03-10 12:10:00'),
    (2, 1, 'P2', 2, 'Window', true, '2026-03-10 12:10:00'),
    (3, 1, 'P3', 4, 'Main Hall', true, '2026-03-10 12:10:00'),
    (4, 1, 'P4', 4, 'Main Hall', true, '2026-03-10 12:10:00'),
    (5, 1, 'P5', 6, 'Private Corner', true, '2026-03-10 12:10:00'),
    (6, 2, 'V1', 2, 'Window', true, '2026-03-11 12:10:00'),
    (7, 2, 'V2', 2, 'Patio', true, '2026-03-11 12:10:00'),
    (8, 2, 'V3', 4, 'Main Hall', true, '2026-03-11 12:10:00'),
    (9, 2, 'V4', 4, 'Main Hall', true, '2026-03-11 12:10:00'),
    (10, 2, 'V5', 8, 'Family Area', true, '2026-03-11 12:10:00'),
    (11, 3, 'S1', 2, 'Sushi Bar', true, '2026-03-12 12:10:00'),
    (12, 3, 'S2', 2, 'Sushi Bar', true, '2026-03-12 12:10:00'),
    (13, 3, 'S3', 4, 'Main Hall', true, '2026-03-12 12:10:00'),
    (14, 3, 'S4', 4, 'Main Hall', true, '2026-03-12 12:10:00'),
    (15, 3, 'S5', 6, 'Tatami Room', true, '2026-03-12 12:10:00'),
    (16, 4, 'K1', 2, 'Window', true, '2026-03-13 12:10:00'),
    (17, 4, 'K2', 4, 'Main Hall', true, '2026-03-13 12:10:00'),
    (18, 4, 'K3', 4, 'Main Hall', true, '2026-03-13 12:10:00'),
    (19, 4, 'K4', 6, 'Courtyard', true, '2026-03-13 12:10:00'),
    (20, 4, 'K5', 8, 'Courtyard', true, '2026-03-13 12:10:00'),
    (21, 5, 'E1', 2, 'Lounge', true, '2026-03-14 12:10:00'),
    (22, 5, 'E2', 2, 'Lounge', true, '2026-03-14 12:10:00'),
    (23, 5, 'E3', 4, 'Main Hall', true, '2026-03-14 12:10:00'),
    (24, 5, 'E4', 4, 'Open Kitchen', true, '2026-03-14 12:10:00'),
    (25, 5, 'E5', 8, 'Chef Table', true, '2026-03-14 12:10:00'),
    (26, 6, 'G1', 2, 'Window', true, '2026-03-15 12:10:00'),
    (27, 6, 'G2', 2, 'Garden', true, '2026-03-15 12:10:00'),
    (28, 6, 'G3', 4, 'Garden', true, '2026-03-15 12:10:00'),
    (29, 6, 'G4', 4, 'Main Hall', true, '2026-03-15 12:10:00'),
    (30, 6, 'G5', 6, 'Community Table', true, '2026-03-15 12:10:00'),
    (31, 7, 'T1', 2, 'Bar Counter', true, '2026-03-16 12:10:00'),
    (32, 7, 'T2', 2, 'Patio', true, '2026-03-16 12:10:00'),
    (33, 7, 'T3', 4, 'Main Hall', true, '2026-03-16 12:10:00'),
    (34, 7, 'T4', 4, 'Main Hall', true, '2026-03-16 12:10:00'),
    (35, 7, 'T5', 6, 'Patio', true, '2026-03-16 12:10:00');

INSERT INTO storage.restaurant_photos (
    id,
    restaurant_id,
    image_url,
    sort_order,
    created_at
) VALUES
    (1, 1, 'https://images.example.com/restaurants/north-pier-bistro/front-hall.jpg', 1, '2026-03-10 12:20:00'),
    (2, 1, 'https://images.example.com/restaurants/north-pier-bistro/raw-bar.jpg', 2, '2026-03-10 12:21:00'),
    (3, 1, 'https://images.example.com/restaurants/north-pier-bistro/window-table.jpg', 3, '2026-03-10 12:22:00'),
    (4, 2, 'https://images.example.com/restaurants/trattoria-vento/dining-room.jpg', 1, '2026-03-11 12:20:00'),
    (5, 2, 'https://images.example.com/restaurants/trattoria-vento/pizza-oven.jpg', 2, '2026-03-11 12:21:00'),
    (6, 2, 'https://images.example.com/restaurants/trattoria-vento/pasta-station.jpg', 3, '2026-03-11 12:22:00'),
    (7, 3, 'https://images.example.com/restaurants/sakura-corner/sushi-bar.jpg', 1, '2026-03-12 12:20:00'),
    (8, 3, 'https://images.example.com/restaurants/sakura-corner/robata-counter.jpg', 2, '2026-03-12 12:21:00'),
    (9, 3, 'https://images.example.com/restaurants/sakura-corner/main-room.jpg', 3, '2026-03-12 12:22:00'),
    (10, 4, 'https://images.example.com/restaurants/old-town-khinkali/front-room.jpg', 1, '2026-03-13 12:20:00'),
    (11, 4, 'https://images.example.com/restaurants/old-town-khinkali/grill.jpg', 2, '2026-03-13 12:21:00'),
    (12, 4, 'https://images.example.com/restaurants/old-town-khinkali/courtyard.jpg', 3, '2026-03-13 12:22:00'),
    (13, 5, 'https://images.example.com/restaurants/ember-and-smoke/lounge.jpg', 1, '2026-03-14 12:20:00'),
    (14, 5, 'https://images.example.com/restaurants/ember-and-smoke/open-fire.jpg', 2, '2026-03-14 12:21:00'),
    (15, 5, 'https://images.example.com/restaurants/ember-and-smoke/chef-table.jpg', 3, '2026-03-14 12:22:00'),
    (16, 6, 'https://images.example.com/restaurants/verde-market-kitchen/counter.jpg', 1, '2026-03-15 12:20:00'),
    (17, 6, 'https://images.example.com/restaurants/verde-market-kitchen/bakery.jpg', 2, '2026-03-15 12:21:00'),
    (18, 6, 'https://images.example.com/restaurants/verde-market-kitchen/garden-seating.jpg', 3, '2026-03-15 12:22:00'),
    (19, 7, 'https://images.example.com/restaurants/harbor-taco-lab/bar.jpg', 1, '2026-03-16 12:20:00'),
    (20, 7, 'https://images.example.com/restaurants/harbor-taco-lab/taco-pass.jpg', 2, '2026-03-16 12:21:00'),
    (21, 7, 'https://images.example.com/restaurants/harbor-taco-lab/patio.jpg', 3, '2026-03-16 12:22:00');

INSERT INTO storage.menu_categories (
    id,
    restaurant_id,
    name,
    sort_order,
    created_at
) VALUES
    (1, 1, 'Raw Bar', 1, '2026-03-10 12:30:00'),
    (2, 1, 'Mains', 2, '2026-03-10 12:31:00'),
    (3, 1, 'Desserts', 3, '2026-03-10 12:32:00'),
    (4, 1, 'Wine & Cocktails', 4, '2026-03-10 12:33:00'),
    (5, 2, 'Antipasti', 1, '2026-03-11 12:30:00'),
    (6, 2, 'Pasta', 2, '2026-03-11 12:31:00'),
    (7, 2, 'Pizza', 3, '2026-03-11 12:32:00'),
    (8, 2, 'Dolci & Coffee', 4, '2026-03-11 12:33:00'),
    (9, 3, 'Small Plates', 1, '2026-03-12 12:30:00'),
    (10, 3, 'Sushi Rolls', 2, '2026-03-12 12:31:00'),
    (11, 3, 'Hot Dishes', 3, '2026-03-12 12:32:00'),
    (12, 3, 'Tea & Desserts', 4, '2026-03-12 12:33:00'),
    (13, 4, 'Snacks', 1, '2026-03-13 12:30:00'),
    (14, 4, 'Khinkali', 2, '2026-03-13 12:31:00'),
    (15, 4, 'Grill & Mains', 3, '2026-03-13 12:32:00'),
    (16, 4, 'Homemade Drinks', 4, '2026-03-13 12:33:00'),
    (17, 5, 'Starters', 1, '2026-03-14 12:30:00'),
    (18, 5, 'Smokehouse', 2, '2026-03-14 12:31:00'),
    (19, 5, 'Steaks', 3, '2026-03-14 12:32:00'),
    (20, 5, 'Bar', 4, '2026-03-14 12:33:00'),
    (21, 6, 'Salads', 1, '2026-03-15 12:30:00'),
    (22, 6, 'Bowls', 2, '2026-03-15 12:31:00'),
    (23, 6, 'Hot Plates', 3, '2026-03-15 12:32:00'),
    (24, 6, 'Bakery & Desserts', 4, '2026-03-15 12:33:00'),
    (25, 7, 'Snacks', 1, '2026-03-16 12:30:00'),
    (26, 7, 'Tacos', 2, '2026-03-16 12:31:00'),
    (27, 7, 'Grill Plates', 3, '2026-03-16 12:32:00'),
    (28, 7, 'Drinks', 4, '2026-03-16 12:33:00');

INSERT INTO storage.menu_items (
    id,
    restaurant_id,
    menu_category_id,
    name,
    description,
    price_minor,
    currency_code,
    is_available,
    created_at
) VALUES
    (1, 1, 1, 'Oyster Selection', 'Three oysters with shallot vinegar and lemon.', 890, 'RUB', true, '2026-03-10 13:00:00'),
    (2, 1, 1, 'Tuna Crudo', 'Yellowfin tuna with citrus oil and pickled fennel.', 760, 'RUB', true, '2026-03-10 13:01:00'),
    (3, 1, 1, 'Scallop Tartare', 'Hand-cut scallops with green apple and dill.', 820, 'RUB', true, '2026-03-10 13:02:00'),
    (4, 1, 1, 'Shrimp Cocktail', 'Chilled shrimp with spicy tomato sauce.', 690, 'RUB', true, '2026-03-10 13:03:00'),
    (5, 1, 2, 'Sea Bass with Leeks', 'Pan-roasted sea bass, braised leeks, beurre blanc.', 1490, 'RUB', true, '2026-03-10 13:04:00'),
    (6, 1, 2, 'Mussels Mariniere', 'Mussels in white wine broth with grilled sourdough.', 1180, 'RUB', true, '2026-03-10 13:05:00'),
    (7, 1, 2, 'Duck Breast', 'Duck breast with celery puree and cherry jus.', 1560, 'RUB', true, '2026-03-10 13:06:00'),
    (8, 1, 2, 'Lobster Risotto', 'Creamy risotto with lobster butter and herbs.', 1890, 'RUB', true, '2026-03-10 13:07:00'),
    (9, 1, 3, 'Lemon Tart', 'Crisp tart shell with bright lemon curd.', 490, 'RUB', true, '2026-03-10 13:08:00'),
    (10, 1, 3, 'Burnt Cheesecake', 'Creamy cheesecake with vanilla cream.', 520, 'RUB', true, '2026-03-10 13:09:00'),
    (11, 1, 3, 'Chocolate Mousse', 'Dark chocolate mousse with sea salt.', 510, 'RUB', true, '2026-03-10 13:10:00'),
    (12, 1, 3, 'Seasonal Sorbet', 'Three rotating sorbet flavors.', 380, 'RUB', true, '2026-03-10 13:11:00'),
    (13, 1, 4, 'House White', 'Dry white wine by the glass.', 540, 'RUB', true, '2026-03-10 13:12:00'),
    (14, 1, 4, 'French 75', 'Gin, sparkling wine, lemon.', 690, 'RUB', true, '2026-03-10 13:13:00'),
    (15, 1, 4, 'Negroni', 'Classic bitter aperitif cocktail.', 710, 'RUB', true, '2026-03-10 13:14:00'),
    (16, 1, 4, 'Sea Breeze Spritz', 'Grapefruit aperitif with tonic and herbs.', 630, 'RUB', true, '2026-03-10 13:15:00'),
    (17, 2, 5, 'Burrata with Tomatoes', 'Creamy burrata, cherry tomatoes, basil oil.', 650, 'RUB', true, '2026-03-11 13:00:00'),
    (18, 2, 5, 'Vitello Tonnato', 'Chilled veal with tuna sauce and capers.', 720, 'RUB', true, '2026-03-11 13:01:00'),
    (19, 2, 5, 'Focaccia al Rosmarino', 'Warm focaccia with rosemary and sea salt.', 290, 'RUB', true, '2026-03-11 13:02:00'),
    (20, 2, 5, 'Eggplant Parmigiana', 'Baked eggplant with tomato and mozzarella.', 540, 'RUB', true, '2026-03-11 13:03:00'),
    (21, 2, 6, 'Tagliatelle Bolognese', 'Fresh pasta with slow-cooked beef ragout.', 760, 'RUB', true, '2026-03-11 13:04:00'),
    (22, 2, 6, 'Spaghetti Carbonara', 'Egg yolk sauce, pancetta, pecorino.', 740, 'RUB', true, '2026-03-11 13:05:00'),
    (23, 2, 6, 'Cacio e Pepe', 'Black pepper, pecorino, and butter emulsion.', 690, 'RUB', true, '2026-03-11 13:06:00'),
    (24, 2, 6, 'Pesto Trofie', 'Trofie pasta with basil pesto and beans.', 710, 'RUB', true, '2026-03-11 13:07:00'),
    (25, 2, 7, 'Margherita', 'Tomato, mozzarella, basil.', 620, 'RUB', true, '2026-03-11 13:08:00'),
    (26, 2, 7, 'Pepperoni', 'Spicy salami, tomato sauce, mozzarella.', 730, 'RUB', true, '2026-03-11 13:09:00'),
    (27, 2, 7, 'Quattro Formaggi', 'Blend of four cheeses and parmesan.', 780, 'RUB', true, '2026-03-11 13:10:00'),
    (28, 2, 7, 'Prosciutto e Funghi', 'Ham, mushrooms, tomato sauce, mozzarella.', 790, 'RUB', true, '2026-03-11 13:11:00'),
    (29, 2, 8, 'Tiramisu', 'Classic mascarpone dessert with espresso.', 420, 'RUB', true, '2026-03-11 13:12:00'),
    (30, 2, 8, 'Panna Cotta', 'Vanilla panna cotta with berry sauce.', 390, 'RUB', true, '2026-03-11 13:13:00'),
    (31, 2, 8, 'Affogato', 'Vanilla gelato topped with espresso.', 350, 'RUB', true, '2026-03-11 13:14:00'),
    (32, 2, 8, 'Cannoli', 'Ricotta-filled cannoli with pistachio.', 410, 'RUB', true, '2026-03-11 13:15:00'),
    (33, 3, 9, 'Edamame with Sea Salt', 'Warm edamame pods with flaky salt.', 290, 'RUB', true, '2026-03-12 13:00:00'),
    (34, 3, 9, 'Gyoza', 'Pan-fried chicken dumplings with soy sauce.', 430, 'RUB', true, '2026-03-12 13:01:00'),
    (35, 3, 9, 'Seaweed Salad', 'Marinated seaweed with sesame dressing.', 340, 'RUB', true, '2026-03-12 13:02:00'),
    (36, 3, 9, 'Miso Corn', 'Sweet corn with white miso butter.', 320, 'RUB', true, '2026-03-12 13:03:00'),
    (37, 3, 10, 'Salmon Avocado Roll', 'Classic salmon roll with avocado.', 590, 'RUB', true, '2026-03-12 13:04:00'),
    (38, 3, 10, 'Spicy Tuna Roll', 'Tuna, chili mayo, cucumber.', 620, 'RUB', true, '2026-03-12 13:05:00'),
    (39, 3, 10, 'Tempura Shrimp Roll', 'Crispy shrimp with sweet soy glaze.', 660, 'RUB', true, '2026-03-12 13:06:00'),
    (40, 3, 10, 'Unagi Crunch Roll', 'Eel, avocado, crispy onions.', 730, 'RUB', true, '2026-03-12 13:07:00'),
    (41, 3, 11, 'Chicken Teriyaki', 'Grilled chicken with steamed rice.', 780, 'RUB', true, '2026-03-12 13:08:00'),
    (42, 3, 11, 'Miso Black Cod', 'Marinated cod with daikon salad.', 1490, 'RUB', true, '2026-03-12 13:09:00'),
    (43, 3, 11, 'Beef Udon', 'Thick noodles, beef strips, mushrooms.', 860, 'RUB', true, '2026-03-12 13:10:00'),
    (44, 3, 11, 'Shrimp Yaki Soba', 'Stir-fried noodles with shrimp.', 820, 'RUB', true, '2026-03-12 13:11:00'),
    (45, 3, 12, 'Matcha Cheesecake', 'Creamy cheesecake with matcha glaze.', 470, 'RUB', true, '2026-03-12 13:12:00'),
    (46, 3, 12, 'Mochi Trio', 'Three mochi with rotating fillings.', 430, 'RUB', true, '2026-03-12 13:13:00'),
    (47, 3, 12, 'Genmaicha', 'Roasted rice green tea.', 250, 'RUB', true, '2026-03-12 13:14:00'),
    (48, 3, 12, 'Yuzu Lemonade', 'Fresh lemonade with yuzu puree.', 310, 'RUB', true, '2026-03-12 13:15:00'),
    (49, 4, 13, 'Pkhali Trio', 'Spinach, beet, and walnut vegetable spreads.', 360, 'RUB', true, '2026-03-13 13:00:00'),
    (50, 4, 13, 'Adjapsandali', 'Warm vegetable stew with herbs.', 380, 'RUB', true, '2026-03-13 13:01:00'),
    (51, 4, 13, 'Lobio with Mchadi', 'Red beans with corn bread.', 350, 'RUB', true, '2026-03-13 13:02:00'),
    (52, 4, 13, 'Georgian Salad', 'Tomatoes, cucumbers, walnut dressing.', 330, 'RUB', true, '2026-03-13 13:03:00'),
    (53, 4, 14, 'Beef Khinkali', 'Five hand-folded dumplings with rich broth.', 420, 'RUB', true, '2026-03-13 13:04:00'),
    (54, 4, 14, 'Lamb Khinkali', 'Five dumplings with lamb and herbs.', 450, 'RUB', true, '2026-03-13 13:05:00'),
    (55, 4, 14, 'Mushroom Khinkali', 'Five dumplings with mushrooms and onions.', 390, 'RUB', true, '2026-03-13 13:06:00'),
    (56, 4, 14, 'Cheese Khinkali', 'Five dumplings with sulguni cheese.', 410, 'RUB', true, '2026-03-13 13:07:00'),
    (57, 4, 15, 'Chicken Shkmeruli', 'Garlic cream chicken with crispy potatoes.', 740, 'RUB', true, '2026-03-13 13:08:00'),
    (58, 4, 15, 'Pork Mtsvadi', 'Charcoal-grilled pork skewers.', 790, 'RUB', true, '2026-03-13 13:09:00'),
    (59, 4, 15, 'Ojakhuri', 'Pan-roasted pork, potatoes, onions.', 690, 'RUB', true, '2026-03-13 13:10:00'),
    (60, 4, 15, 'Adjarian Khachapuri', 'Boat-shaped cheese bread with egg yolk.', 610, 'RUB', true, '2026-03-13 13:11:00'),
    (61, 4, 16, 'Tarragon Lemonade', 'Bright tarragon soda made in-house.', 260, 'RUB', true, '2026-03-13 13:12:00'),
    (62, 4, 16, 'Pomegranate Lemonade', 'Sweet tart pomegranate cooler.', 280, 'RUB', true, '2026-03-13 13:13:00'),
    (63, 4, 16, 'Compote of the Day', 'Seasonal fruit compote.', 220, 'RUB', true, '2026-03-13 13:14:00'),
    (64, 4, 16, 'Mint Matsoni Shake', 'Chilled yogurt drink with mint.', 290, 'RUB', true, '2026-03-13 13:15:00'),
    (65, 5, 17, 'Brisket Croquettes', 'Smoked brisket croquettes with aioli.', 520, 'RUB', true, '2026-03-14 13:00:00'),
    (66, 5, 17, 'Charred Corn Salad', 'Corn, jalapeno, cotija, smoked mayo.', 430, 'RUB', true, '2026-03-14 13:01:00'),
    (67, 5, 17, 'BBQ Wings', 'Sticky wings with house barbecue glaze.', 560, 'RUB', true, '2026-03-14 13:02:00'),
    (68, 5, 17, 'Pickle Plate', 'House pickles and marinated vegetables.', 290, 'RUB', true, '2026-03-14 13:03:00'),
    (69, 5, 18, 'Pulled Pork Sandwich', 'Brioche bun, pulled pork, slaw.', 790, 'RUB', true, '2026-03-14 13:04:00'),
    (70, 5, 18, 'Smoked Beef Ribs', 'Slow-smoked ribs with baked potato.', 1290, 'RUB', true, '2026-03-14 13:05:00'),
    (71, 5, 18, 'Texas Chicken Plate', 'Half smoked chicken with pepper gravy.', 890, 'RUB', true, '2026-03-14 13:06:00'),
    (72, 5, 18, 'Burnt Ends Bowl', 'Beef burnt ends with corn grits.', 980, 'RUB', true, '2026-03-14 13:07:00'),
    (73, 5, 19, 'Flat Iron Steak', '300g flat iron steak with fries.', 1690, 'RUB', true, '2026-03-14 13:08:00'),
    (74, 5, 19, 'Ribeye 350g', 'Marbled ribeye with green pepper sauce.', 2490, 'RUB', true, '2026-03-14 13:09:00'),
    (75, 5, 19, 'Filet Mignon', 'Tenderloin with roasted mushrooms.', 2290, 'RUB', true, '2026-03-14 13:10:00'),
    (76, 5, 19, 'Steak Frites', 'Striploin with fries and herb butter.', 1890, 'RUB', true, '2026-03-14 13:11:00'),
    (77, 5, 20, 'Smoked Old Fashioned', 'Bourbon cocktail finished under smoke dome.', 780, 'RUB', true, '2026-03-14 13:12:00'),
    (78, 5, 20, 'Maple Highball', 'Whisky, soda, maple, citrus.', 690, 'RUB', true, '2026-03-14 13:13:00'),
    (79, 5, 20, 'Cherry Cola Mocktail', 'House cherry syrup and cola reduction.', 360, 'RUB', true, '2026-03-14 13:14:00'),
    (80, 5, 20, 'Espresso Martini', 'Vodka, coffee liqueur, espresso.', 720, 'RUB', true, '2026-03-14 13:15:00'),
    (81, 6, 21, 'Green Garden Salad', 'Leafy greens, cucumber, herbs, lemon dressing.', 390, 'RUB', true, '2026-03-15 13:00:00'),
    (82, 6, 21, 'Roasted Beet Salad', 'Beets, goat cheese, walnuts.', 450, 'RUB', true, '2026-03-15 13:01:00'),
    (83, 6, 21, 'Cabbage Slaw', 'Crunchy cabbage with sesame-lime dressing.', 310, 'RUB', true, '2026-03-15 13:02:00'),
    (84, 6, 21, 'Tomato Herb Plate', 'Seasonal tomatoes with basil and seeds.', 370, 'RUB', true, '2026-03-15 13:03:00'),
    (85, 6, 22, 'Falafel Bowl', 'Falafel, quinoa, hummus, pickles, greens.', 640, 'RUB', true, '2026-03-15 13:04:00'),
    (86, 6, 22, 'Roasted Veggie Bowl', 'Sweet potato, broccoli, tahini, grains.', 620, 'RUB', true, '2026-03-15 13:05:00'),
    (87, 6, 22, 'Miso Tofu Bowl', 'Tofu, rice, edamame, sesame greens.', 660, 'RUB', true, '2026-03-15 13:06:00'),
    (88, 6, 22, 'Warm Lentil Bowl', 'Lentils, labneh, herbs, roasted carrots.', 610, 'RUB', true, '2026-03-15 13:07:00'),
    (89, 6, 23, 'Cauliflower Steak', 'Roasted cauliflower, chimichurri, beans.', 720, 'RUB', true, '2026-03-15 13:08:00'),
    (90, 6, 23, 'Shakshuka Plate', 'Eggs baked in tomato-pepper sauce.', 590, 'RUB', true, '2026-03-15 13:09:00'),
    (91, 6, 23, 'Mushroom Barley Risotto', 'Creamy barley with forest mushrooms.', 680, 'RUB', true, '2026-03-15 13:10:00'),
    (92, 6, 23, 'Spiced Eggplant', 'Roasted eggplant with yogurt and herbs.', 610, 'RUB', true, '2026-03-15 13:11:00'),
    (93, 6, 24, 'Cinnamon Bun', 'Soft bun with cinnamon glaze.', 280, 'RUB', true, '2026-03-15 13:12:00'),
    (94, 6, 24, 'Carrot Cake', 'Moist carrot cake with cream cheese frosting.', 360, 'RUB', true, '2026-03-15 13:13:00'),
    (95, 6, 24, 'Date Tart', 'Caramelized date tart with sesame.', 340, 'RUB', true, '2026-03-15 13:14:00'),
    (96, 6, 24, 'Flat White', 'Double espresso with steamed milk.', 240, 'RUB', true, '2026-03-15 13:15:00'),
    (97, 7, 25, 'Guacamole & Chips', 'Fresh guacamole with corn chips.', 390, 'RUB', true, '2026-03-16 13:00:00'),
    (98, 7, 25, 'Street Corn', 'Charred corn with lime mayo and cheese.', 340, 'RUB', true, '2026-03-16 13:01:00'),
    (99, 7, 25, 'Nachos with Beef', 'Loaded nachos with beef, beans, salsa.', 560, 'RUB', true, '2026-03-16 13:02:00'),
    (100, 7, 25, 'Chicken Quesadilla', 'Grilled tortilla with chicken and cheese.', 490, 'RUB', true, '2026-03-16 13:03:00'),
    (101, 7, 26, 'Al Pastor Taco', 'Pork, pineapple salsa, cilantro.', 240, 'RUB', true, '2026-03-16 13:04:00'),
    (102, 7, 26, 'Baja Shrimp Taco', 'Crispy shrimp, cabbage slaw, chipotle crema.', 280, 'RUB', true, '2026-03-16 13:05:00'),
    (103, 7, 26, 'Beef Brisket Taco', 'Smoked brisket, pickled onion, salsa roja.', 290, 'RUB', true, '2026-03-16 13:06:00'),
    (104, 7, 26, 'Cauliflower Taco', 'Roasted cauliflower, avocado crema.', 230, 'RUB', true, '2026-03-16 13:07:00'),
    (105, 7, 27, 'Chicken Fajita Plate', 'Grilled chicken with peppers and tortillas.', 760, 'RUB', true, '2026-03-16 13:08:00'),
    (106, 7, 27, 'Beef Burrito Bowl', 'Rice, beans, beef, salsa, sour cream.', 690, 'RUB', true, '2026-03-16 13:09:00'),
    (107, 7, 27, 'Pork Ribs with Mole', 'Glazed pork ribs with smoky mole sauce.', 890, 'RUB', true, '2026-03-16 13:10:00'),
    (108, 7, 27, 'Grilled Fish Plate', 'White fish, rice, pico de gallo.', 810, 'RUB', true, '2026-03-16 13:11:00'),
    (109, 7, 28, 'Classic Margarita', 'Tequila, triple sec, lime.', 540, 'RUB', true, '2026-03-16 13:12:00'),
    (110, 7, 28, 'Paloma', 'Tequila, grapefruit soda, salt.', 520, 'RUB', true, '2026-03-16 13:13:00'),
    (111, 7, 28, 'Hibiscus Iced Tea', 'House hibiscus tea with citrus.', 260, 'RUB', true, '2026-03-16 13:14:00'),
    (112, 7, 28, 'Lime Soda', 'Sparkling lime soda with mint.', 220, 'RUB', true, '2026-03-16 13:15:00');

INSERT INTO storage.bookings (
    id,
    user_id,
    restaurant_id,
    table_id,
    status,
    guests_count,
    starts_at,
    ends_at,
    special_requests,
    created_at,
    updated_at
) VALUES
    (1, 2, 1, 2, 'COMPLETED', 2, '2026-04-05 19:00:00', '2026-04-05 21:00:00', 'Window seat if possible', '2026-04-01 13:00:00', '2026-04-05 21:05:00'),
    (2, 3, 2, 7, 'COMPLETED', 2, '2026-04-06 18:00:00', '2026-04-06 20:00:00', 'Celebrating an anniversary', '2026-04-02 13:00:00', '2026-04-06 20:05:00'),
    (3, 4, 3, 12, 'COMPLETED', 2, '2026-04-07 20:00:00', '2026-04-07 22:00:00', 'No wasabi on the side', '2026-04-02 14:00:00', '2026-04-07 22:05:00'),
    (4, 5, 4, 17, 'COMPLETED', 4, '2026-04-08 19:00:00', '2026-04-08 21:00:00', 'Birthday dinner', '2026-04-03 12:00:00', '2026-04-08 21:05:00'),
    (5, 6, 5, 23, 'COMPLETED', 4, '2026-04-09 20:00:00', '2026-04-09 22:00:00', 'Steak knives on the table, please', '2026-04-03 14:00:00', '2026-04-09 22:05:00'),
    (6, 7, 6, 27, 'COMPLETED', 2, '2026-04-10 18:00:00', '2026-04-10 20:00:00', 'Quiet corner preferred', '2026-04-04 12:00:00', '2026-04-10 20:05:00'),
    (7, 8, 7, 32, 'COMPLETED', 2, '2026-04-11 19:00:00', '2026-04-11 21:00:00', 'Extra spicy salsa on the side', '2026-04-04 16:00:00', '2026-04-11 21:05:00'),
    (8, 9, 1, 4, 'COMPLETED', 4, '2026-04-12 18:00:00', '2026-04-12 20:00:00', 'Business dinner', '2026-04-05 10:00:00', '2026-04-12 20:05:00'),
    (9, 2, 2, 8, 'CONFIRMED', 4, '2026-04-20 19:00:00', '2026-04-20 21:00:00', 'Need a high chair', '2026-04-12 15:00:00', '2026-04-12 15:00:00'),
    (10, 3, 3, 11, 'CONFIRMED', 2, '2026-04-21 18:00:00', '2026-04-21 20:00:00', 'Seating near the sushi bar', '2026-04-12 16:00:00', '2026-04-12 16:00:00'),
    (11, 4, 5, 24, 'CONFIRMED', 4, '2026-04-22 20:00:00', '2026-04-22 22:00:00', 'Prefer open kitchen view', '2026-04-12 17:00:00', '2026-04-12 17:00:00'),
    (12, 5, 7, 33, 'CONFIRMED', 4, '2026-04-23 19:00:00', '2026-04-23 21:00:00', 'Birthday dessert after dinner', '2026-04-12 18:00:00', '2026-04-12 18:00:00'),
    (13, 6, 6, 29, 'CONFIRMED', 4, '2026-04-24 12:00:00', '2026-04-24 14:00:00', 'Need space for a stroller', '2026-04-12 19:00:00', '2026-04-12 19:00:00'),
    (14, 7, 1, 1, 'CONFIRMED', 2, '2026-04-25 20:00:00', '2026-04-25 22:00:00', 'Anniversary dinner', '2026-04-12 20:00:00', '2026-04-12 20:00:00'),
    (15, 8, 4, 18, 'CANCELLED', 4, '2026-04-16 19:00:00', '2026-04-16 21:00:00', 'Originally requested courtyard', '2026-04-11 11:00:00', '2026-04-13 12:00:00'),
    (16, 9, 3, 13, 'CANCELLED', 4, '2026-04-17 18:00:00', '2026-04-17 20:00:00', 'Cancelled by guest', '2026-04-11 14:00:00', '2026-04-13 12:30:00'),
    (17, 2, 5, 25, 'CONFIRMED', 6, '2026-04-26 20:00:00', '2026-04-26 22:00:00', 'Group celebration', '2026-04-13 10:00:00', '2026-04-13 10:00:00'),
    (18, 3, 6, 30, 'CONFIRMED', 6, '2026-04-27 13:00:00', '2026-04-27 15:00:00', 'Need extra chairs if possible', '2026-04-13 10:30:00', '2026-04-13 10:30:00');

INSERT INTO storage.reviews (
    id,
    booking_id,
    restaurant_id,
    user_id,
    rating,
    comment,
    created_at,
    updated_at
) VALUES
    (1, 1, 1, 2, 5, 'Excellent seafood and very attentive service. The oyster selection was especially good.', '2026-04-05 21:30:00', '2026-04-05 21:30:00'),
    (2, 2, 2, 3, 5, 'Comfortable atmosphere, fast service, and a really solid carbonara. Would happily come back.', '2026-04-06 20:20:00', '2026-04-06 20:20:00'),
    (3, 3, 3, 4, 4, 'Fresh rolls and a calm interior. The yuzu lemonade was a nice surprise.', '2026-04-07 22:20:00', '2026-04-07 22:20:00'),
    (4, 4, 4, 5, 5, 'Generous portions, warm staff, and excellent khinkali. Great value overall.', '2026-04-08 21:15:00', '2026-04-08 21:15:00'),
    (5, 5, 5, 6, 5, 'Strong grill menu, great cocktails, and the steak was cooked exactly as requested.', '2026-04-09 22:15:00', '2026-04-09 22:15:00'),
    (6, 6, 6, 7, 4, 'Bright place with fresh food and good coffee. The lentil bowl was especially satisfying.', '2026-04-10 20:10:00', '2026-04-10 20:10:00'),
    (7, 7, 7, 8, 5, 'Fun vibe, bold flavors, and the shrimp tacos were excellent.', '2026-04-11 21:20:00', '2026-04-11 21:20:00'),
    (8, 8, 1, 9, 4, 'Very polished dining room and a strong dessert menu. A little pricey, but worth it for special occasions.', '2026-04-12 20:30:00', '2026-04-12 20:30:00');

SELECT setval(pg_get_serial_sequence('storage.users', 'id'), COALESCE((SELECT MAX(id) FROM storage.users), 1), true);
SELECT setval(pg_get_serial_sequence('storage.cuisines', 'id'), COALESCE((SELECT MAX(id) FROM storage.cuisines), 1), true);
SELECT setval(pg_get_serial_sequence('storage.restaurants', 'id'), COALESCE((SELECT MAX(id) FROM storage.restaurants), 1), true);
SELECT setval(pg_get_serial_sequence('storage.restaurant_working_hours', 'id'), COALESCE((SELECT MAX(id) FROM storage.restaurant_working_hours), 1), true);
SELECT setval(pg_get_serial_sequence('storage.restaurant_tables', 'id'), COALESCE((SELECT MAX(id) FROM storage.restaurant_tables), 1), true);
SELECT setval(pg_get_serial_sequence('storage.restaurant_photos', 'id'), COALESCE((SELECT MAX(id) FROM storage.restaurant_photos), 1), true);
SELECT setval(pg_get_serial_sequence('storage.menu_categories', 'id'), COALESCE((SELECT MAX(id) FROM storage.menu_categories), 1), true);
SELECT setval(pg_get_serial_sequence('storage.menu_items', 'id'), COALESCE((SELECT MAX(id) FROM storage.menu_items), 1), true);
SELECT setval(pg_get_serial_sequence('storage.bookings', 'id'), COALESCE((SELECT MAX(id) FROM storage.bookings), 1), true);
SELECT setval(pg_get_serial_sequence('storage.reviews', 'id'), COALESCE((SELECT MAX(id) FROM storage.reviews), 1), true);

COMMIT;
